text,label,clean_text
Locate,SEARCH,locate
Search a keyword,SEARCH,search keyword
Find something,SEARCH,find something
Look up,SEARCH,look
Query,SEARCH,query
Search this,SEARCH,search
Find for me,SEARCH,find
Look for an item,SEARCH,look item
Seek,SEARCH,seek
Search a term,SEARCH,search term
Find data,SEARCH,find data
Look it up,SEARCH,look
Research,SEARCH,research
Search everything,SEARCH,search everything
Find that,SEARCH,find
Look for details,SEARCH,look detail
Scout,SEARCH,scout
Search content,SEARCH,search content
Find what I'm looking for,SEARCH,find im looking
Look into,SEARCH,look
Investigate,SEARCH,investigate
Search by keyword,SEARCH,search keyword
Find info,SEARCH,find info
Look something up,SEARCH,look something
Hunt for,SEARCH,hunt
Search the database,SEARCH,search database
Find entries,SEARCH,find entry
Look for specific,SEARCH,look specific
Explore,SEARCH,explore
Search for data,SEARCH,search data
Find matching,SEARCH,find matching
Look for a keyword,SEARCH,look keyword
Dig for,SEARCH,dig
Search within,SEARCH,search within
Find results,SEARCH,find result
Look for a term,SEARCH,look term
Browse for,SEARCH,browse
Search the web,SEARCH,search web
Find an item,SEARCH,find item
Look for information,SEARCH,look information
Discover,SEARCH,discover
Search relevant,SEARCH,search relevant
Find data for,SEARCH,find data
Look for something,SEARCH,look something
Examine,SEARCH,examine
Search by term,SEARCH,search term
Find specifics,SEARCH,find specific
Look for results,SEARCH,look result
Retrieve,SEARCH,retrieve
Search a query,SEARCH,search query
Find entries for,SEARCH,find entry
Look for a person,SEARCH,look person
Track down,SEARCH,track
Search a phrase,SEARCH,search phrase
Find objects,SEARCH,find object
Look for a place,SEARCH,look place
Pinpoint,SEARCH,pinpoint
Search for information,SEARCH,search information
Find details about,SEARCH,find detail
Look for an idea,SEARCH,look idea
Detect,SEARCH,detect
Search for content,SEARCH,search content
Find something specific,SEARCH,find something specific
Look for a topic,SEARCH,look topic
Scan for,SEARCH,scan
Search for data on,SEARCH,search data
Find records,SEARCH,find record
Look for a file,SEARCH,look file
Uncover,SEARCH,uncover
Search for terms,SEARCH,search term
Find documents,SEARCH,find document
Look for a document,SEARCH,look document
Identify,SEARCH,identify
Search for phrases,SEARCH,search phrase
Find files,SEARCH,find file
Look for a photo,SEARCH,look photo
Delve into,SEARCH,delve
Search for entries,SEARCH,search entry
Find pages,SEARCH,find page
Look for a video,SEARCH,look video
Cross-reference,SEARCH,crossreference
Search for results,SEARCH,search result
Find the item,SEARCH,find item
Look for a specific piece of information,SEARCH,look specific piece information
Check for,SEARCH,check
Search for articles,SEARCH,search article
Find article,SEARCH,find article
Look for relevant data,SEARCH,look relevant data
Peruse for,SEARCH,peruse
Search for anything,SEARCH,search anything
Find the details,SEARCH,find detail
Look for the content,SEARCH,look content
Gather information,SEARCH,gather information
Search all,SEARCH,search
Find records for,SEARCH,find record
Find,SEARCH,find
Search for,SEARCH,search
Search,SEARCH,search
Search for item,SEARCH,search item
Look for,SEARCH,look
What's the forecast?,NOOP,whats forecast
Sing me a song,NOOP,sing song
Good morning,NOOP,good morning
How's it going?,NOOP,hows going
Just some text,NOOP,text
What day is it?,NOOP,day
Text my dad,NOOP,text dad
Launch browser,NOOP,launch browser
Write an email,NOOP,write email
Tell me a story,NOOP,tell story
What's up?,NOOP,whats
Can you play a podcast?,NOOP,play podcast
How do you feel?,NOOP,feel
Some other input,NOOP,input
Set an alarm,NOOP,set alarm
What's the news?,NOOP,whats news
Browse the internet,NOOP,browse internet
Send a message,NOOP,send message
Give me some trivia,NOOP,give trivia
Tell me about yourself,NOOP,tell
Play some tunes,NOOP,play tune
What's your name?,NOOP,whats name
Random words,NOOP,random word
Check my calendar,NOOP,check calendar
What's happening?,NOOP,whats happening
Search online,NOOP,search online
Draft a message,NOOP,draft message
Read me a poem,NOOP,read poem
Are you a bot?,NOOP,bot
Play something,NOOP,play something
Tell me about the weather,NOOP,tell weather
What is the date?,NOOP,date
Start a timer,NOOP,start timer
Hello there,NOOP,hello
Can you search Google?,NOOP,search google
Compose an email,NOOP,compose email
What do you think?,NOOP,think
Music,NOOP,music
What are you?,NOOP,
Just saying hi,NOOP,saying hi
Show me current time,NOOP,show current time
Call a friend,NOOP,call friend
Open Google,NOOP,open google
Send an SMS,NOOP,send sm
Tell me something interesting,NOOP,tell something interesting
How do I know you?,NOOP,know
What kind of music?,NOOP,kind music
Good afternoon,NOOP,good afternoon
Gibberish,NOOP,gibberish
What's today's agenda?,NOOP,whats today agenda
Where am I?,NOOP,
Search for something on the web,NOOP,search something web
Write an SMS,NOOP,write sm
Inspire me,NOOP,inspire
Are you real?,NOOP,real
Background music,NOOP,background music
What's your favourite color?,NOOP,whats favourite color
Nonsense input,NOOP,nonsense input
Remind me about,NOOP,remind
What's going on?,NOOP,whats going
Open Firefox,NOOP,open firefox
Send a quick email,NOOP,send quick email
Give me a fun fact,NOOP,give fun fact
Who created you?,NOOP,created
Turn on music,NOOP,turn music
Hi there,NOOP,hi
Random characters,NOOP,random character
Check my schedule,NOOP,check schedule
Where are we?,NOOP,
Open a website,NOOP,open website
Shoot an email,NOOP,shoot email
Entertain me,NOOP,entertain
What is your purpose?,NOOP,purpose
Play popular music,NOOP,play popular music
How old are you?,NOOP,old
Arbitrary text,NOOP,arbitrary text
What's on my to-do list?,NOOP,whats todo list
What is my location?,NOOP,location
Launch default browser,NOOP,launch default browser
Email someone,NOOP,email someone
Make me laugh,NOOP,make laugh
Are you human?,NOOP,human
Put on some music,NOOP,put music
Tell me more,NOOP,tell
Just chatting,NOOP,chatting
What are my upcoming events?,NOOP,upcoming event
What is the current location?,NOOP,current location
Browse for something,NOOP,browse something
Send a new email,NOOP,send new email
Give me a quote,NOOP,give quote
Do you have emotions?,NOOP,emotion
Play soft music,NOOP,play soft music
How can I reach you?,NOOP,reach
Random phrases,NOOP,random phrase
What is the day today?,NOOP,day today
Where can I find information?,NOOP,find information
Open a web page,NOOP,open web page
Send an email to John,NOOP,send email john
Hello,NOOP,hello
How are you?,NOOP,
Send data,SUBMIT_FORM,send data
Send form,SUBMIT_FORM,send form
Finished,SUBMIT_FORM,finished
Save data,SUBMIT_FORM,save data
Complete,SUBMIT_FORM,complete
Confirm form,SUBMIT_FORM,confirm form
Submit information,SUBMIT_FORM,submit information
Send entry,SUBMIT_FORM,send entry
I'm done,SUBMIT_FORM,im done
Save and close,SUBMIT_FORM,save close
Finalize,SUBMIT_FORM,finalize
Submit my input,SUBMIT_FORM,submit input
Send details,SUBMIT_FORM,send detail
All done,SUBMIT_FORM,done
Save changes,SUBMIT_FORM,save change
Apply,SUBMIT_FORM,apply
Confirm data,SUBMIT_FORM,confirm data
Submit this,SUBMIT_FORM,submit
Send it,SUBMIT_FORM,send
Finished with form,SUBMIT_FORM,finished form
Save document,SUBMIT_FORM,save document
Process,SUBMIT_FORM,process
Submit the form,SUBMIT_FORM,submit form
Send the data,SUBMIT_FORM,send data
I'm finished,SUBMIT_FORM,im finished
Save this form,SUBMIT_FORM,save form
Complete form,SUBMIT_FORM,complete form
Finalize data,SUBMIT_FORM,finalize data
Submit and close,SUBMIT_FORM,submit close
Send the entry,SUBMIT_FORM,send entry
Done with this,SUBMIT_FORM,done
Save and exit,SUBMIT_FORM,save exit
Go,SUBMIT_FORM,go
Confirm and submit,SUBMIT_FORM,confirm submit
Submit form data,SUBMIT_FORM,submit form data
Send info,SUBMIT_FORM,send info
Task completed,SUBMIT_FORM,task completed
Save everything,SUBMIT_FORM,save everything
Execute form,SUBMIT_FORM,execute form
Submit my form,SUBMIT_FORM,submit form
Send current data,SUBMIT_FORM,send current data
Finished here,SUBMIT_FORM,finished
Save the form,SUBMIT_FORM,save form
Complete the form,SUBMIT_FORM,complete form
Finalize the input,SUBMIT_FORM,finalize input
Submit the information,SUBMIT_FORM,submit information
Send the details,SUBMIT_FORM,send detail
I am done,SUBMIT_FORM,done
Save current form,SUBMIT_FORM,save current form
Apply changes,SUBMIT_FORM,apply change
Confirm and send,SUBMIT_FORM,confirm send
Submit entry,SUBMIT_FORM,submit entry
Send form content,SUBMIT_FORM,send form content
That's it,SUBMIT_FORM,thats
Save and next,SUBMIT_FORM,save next
Process form,SUBMIT_FORM,process form
Submit all,SUBMIT_FORM,submit
Send everything,SUBMIT_FORM,send everything
Done editing,SUBMIT_FORM,done editing
Save and continue,SUBMIT_FORM,save continue
Accept,SUBMIT_FORM,accept
Confirm completion,SUBMIT_FORM,confirm completion
Submit now,SUBMIT_FORM,submit
Send the form now,SUBMIT_FORM,send form
Finished input,SUBMIT_FORM,finished input
Save the data,SUBMIT_FORM,save data
Fill out and submit,SUBMIT_FORM,fill submit
Finalize the form,SUBMIT_FORM,finalize form
Submit and save,SUBMIT_FORM,submit save
Send my data,SUBMIT_FORM,send data
All completed,SUBMIT_FORM,completed
Save my work,SUBMIT_FORM,save work
Confirm submission,SUBMIT_FORM,confirm submission
Submit the current form,SUBMIT_FORM,submit current form
Send the entire form,SUBMIT_FORM,send entire form
Input complete,SUBMIT_FORM,input complete
Save the current data,SUBMIT_FORM,save current data
Apply form,SUBMIT_FORM,apply form
Confirm all,SUBMIT_FORM,confirm
Submit these details,SUBMIT_FORM,submit detail
Send this form,SUBMIT_FORM,send form
I'm good,SUBMIT_FORM,im good
Save the current entry,SUBMIT_FORM,save current entry
Complete the entry,SUBMIT_FORM,complete entry
Finalize submission,SUBMIT_FORM,finalize submission
Submit the response,SUBMIT_FORM,submit response
Send it in,SUBMIT_FORM,send
Finished with entry,SUBMIT_FORM,finished entry
Save this,SUBMIT_FORM,save
Confirm data entry,SUBMIT_FORM,confirm data entry
Submit and proceed,SUBMIT_FORM,submit proceed
Send out,SUBMIT_FORM,send
Done now,SUBMIT_FORM,done
Save and submit,SUBMIT_FORM,save submit
Alright submit,SUBMIT_FORM,alright submit
Submit data,SUBMIT_FORM,submit data
Submit form,SUBMIT_FORM,submit form
Form done,SUBMIT_FORM,form done
Save form,SUBMIT_FORM,save form
Save the form,SUBMIT_FORM,save form
Undo form,CANCEL_FORM,undo form
Close form,CANCEL_FORM,close form
Abandon form,CANCEL_FORM,abandon form
Exit form,CANCEL_FORM,exit form
Don't save form,CANCEL_FORM,dont save form
Clear form data,CANCEL_FORM,clear form data
Reset form,CANCEL_FORM,reset form
Discard changes,CANCEL_FORM,discard change
Abort form,CANCEL_FORM,abort form
Go back from form,CANCEL_FORM,go back form
Cancel entry,CANCEL_FORM,cancel entry
Do not submit,CANCEL_FORM,submit
Forget form,CANCEL_FORM,forget form
Close without saving,CANCEL_FORM,close without saving
Stop form,CANCEL_FORM,stop form
Revert changes,CANCEL_FORM,revert change
Cancel current form,CANCEL_FORM,cancel current form
Discard all,CANCEL_FORM,discard
Leave this form,CANCEL_FORM,leave form
Don't proceed with form,CANCEL_FORM,dont proceed form
Empty form,CANCEL_FORM,empty form
Reset all fields,CANCEL_FORM,reset field
Discard input,CANCEL_FORM,discard input
Exit without saving,CANCEL_FORM,exit without saving
Quit form,CANCEL_FORM,quit form
Undo all,CANCEL_FORM,undo
Cancel the form,CANCEL_FORM,cancel form
Discard the form,CANCEL_FORM,discard form
Leave current form,CANCEL_FORM,leave current form
Don't complete form,CANCEL_FORM,dont complete form
Clear the form,CANCEL_FORM,clear form
Reset the form,CANCEL_FORM,reset form
Discard this form,CANCEL_FORM,discard form
Go back from this form,CANCEL_FORM,go back form
Cancel form submission,CANCEL_FORM,cancel form submission
Do not save,CANCEL_FORM,save
Ignore form,CANCEL_FORM,ignore form
Close the form,CANCEL_FORM,close form
Stop working on form,CANCEL_FORM,stop working form
Revert the form,CANCEL_FORM,revert form
Cancel form and exit,CANCEL_FORM,cancel form exit
Discard form changes,CANCEL_FORM,discard form change
Exit form now,CANCEL_FORM,exit form
Don't submit form,CANCEL_FORM,dont submit form
Empty the form,CANCEL_FORM,empty form
Reset all form data,CANCEL_FORM,reset form data
Discard current form,CANCEL_FORM,discard current form
Leave form unsaved,CANCEL_FORM,leave form unsaved
Cancel operations,CANCEL_FORM,cancel operation
Do not save changes,CANCEL_FORM,save change
Forget the form,CANCEL_FORM,forget form
Close form without saving,CANCEL_FORM,close form without saving
Stop form processing,CANCEL_FORM,stop form processing
Revert form to initial state,CANCEL_FORM,revert form initial state
Cancel form and discard,CANCEL_FORM,cancel form discard
Discard all entries,CANCEL_FORM,discard entry
Leave the form,CANCEL_FORM,leave form
Don't go through with form,CANCEL_FORM,dont go form
Clear form entirely,CANCEL_FORM,clear form entirely
Reset form completely,CANCEL_FORM,reset form completely
Discard entry,CANCEL_FORM,discard entry
Exit and don't save,CANCEL_FORM,exit dont save
Quit current form,CANCEL_FORM,quit current form
Undo form entry,CANCEL_FORM,undo form entry
Cancel this form,CANCEL_FORM,cancel form
Discard current changes,CANCEL_FORM,discard current change
Leave this form now,CANCEL_FORM,leave form
Don't finalize form,CANCEL_FORM,dont finalize form
Clear form content,CANCEL_FORM,clear form content
Reset form data,CANCEL_FORM,reset form data
Discard all changes,CANCEL_FORM,discard change
Exit without submitting,CANCEL_FORM,exit without submitting
Quit without saving,CANCEL_FORM,quit without saving
Undo form changes,CANCEL_FORM,undo form change
Cancel form and close,CANCEL_FORM,cancel form close
Discard the current form,CANCEL_FORM,discard current form
Leave without saving,CANCEL_FORM,leave without saving
Don't save and exit,CANCEL_FORM,dont save exit
Empty current form,CANCEL_FORM,empty current form
Reset specific form,CANCEL_FORM,reset specific form
Discard inputs,CANCEL_FORM,discard input
Exit this form,CANCEL_FORM,exit form
Stop current form,CANCEL_FORM,stop current form
Revert and close form,CANCEL_FORM,revert close form
Cancel form data,CANCEL_FORM,cancel form data
Discard the input,CANCEL_FORM,discard input
Leave form without saving changes,CANCEL_FORM,leave form without saving change
Don't accept form,CANCEL_FORM,dont accept form
Clear input form,CANCEL_FORM,clear input form
Reset the current form,CANCEL_FORM,reset current form
Discard all form data,CANCEL_FORM,discard form data
Exit the form,CANCEL_FORM,exit form
Revert form,CANCEL_FORM,revert form
Revert this form,CANCEL_FORM,revert form
Cancel form,CANCEL_FORM,cancel form
Cancel this form,CANCEL_FORM,cancel form
Discard form,CANCEL_FORM,discard form
Discard this form,CANCEL_FORM,discard form
Leave form,CANCEL_FORM,leave form
Leave this form,CANCEL_FORM,leave form
Empty input,CLEAR_FIELD,empty input
Clear text,CLEAR_FIELD,clear text
Reset field,CLEAR_FIELD,reset field
Wipe input,CLEAR_FIELD,wipe input
Delete input,CLEAR_FIELD,delete input
Clear form field,CLEAR_FIELD,clear form field
Remove text,CLEAR_FIELD,remove text
Zero out input,CLEAR_FIELD,zero input
Clear current input,CLEAR_FIELD,clear current input
Erase field,CLEAR_FIELD,erase field
Blank input,CLEAR_FIELD,blank input
Clear the field,CLEAR_FIELD,clear field
Reset text,CLEAR_FIELD,reset text
Wipe field,CLEAR_FIELD,wipe field
Delete text,CLEAR_FIELD,delete text
Clear this input,CLEAR_FIELD,clear input
Remove current text,CLEAR_FIELD,remove current text
Empty the input,CLEAR_FIELD,empty input
Clear the input box,CLEAR_FIELD,clear input box
Erase text,CLEAR_FIELD,erase text
Blank field,CLEAR_FIELD,blank field
Clear form input,CLEAR_FIELD,clear form input
Reset current input,CLEAR_FIELD,reset current input
Wipe the field,CLEAR_FIELD,wipe field
Delete field,CLEAR_FIELD,delete field
Clear all input,CLEAR_FIELD,clear input
Remove field content,CLEAR_FIELD,remove field content
Empty text field,CLEAR_FIELD,empty text field
Clear entry,CLEAR_FIELD,clear entry
Erase current input,CLEAR_FIELD,erase current input
Blank out input,CLEAR_FIELD,blank input
Clear text field,CLEAR_FIELD,clear text field
Reset the input,CLEAR_FIELD,reset input
Wipe current input,CLEAR_FIELD,wipe current input
Delete current input,CLEAR_FIELD,delete current input
Clear active input,CLEAR_FIELD,clear active input
Remove all text,CLEAR_FIELD,remove text
Empty the field,CLEAR_FIELD,empty field
Clear the entry,CLEAR_FIELD,clear entry
Erase all input,CLEAR_FIELD,erase input
Blank this field,CLEAR_FIELD,blank field
Clear input value,CLEAR_FIELD,clear input value
Reset the field,CLEAR_FIELD,reset field
Wipe text,CLEAR_FIELD,wipe text
Delete entry,CLEAR_FIELD,delete entry
Clear specific input,CLEAR_FIELD,clear specific input
Remove content,CLEAR_FIELD,remove content
Empty current input,CLEAR_FIELD,empty current input
Clear form,CLEAR_FIELD,clear form
Erase value,CLEAR_FIELD,erase value
Blank text field,CLEAR_FIELD,blank text field
Clear field content,CLEAR_FIELD,clear field content
Reset entry,CLEAR_FIELD,reset entry
Wipe the input,CLEAR_FIELD,wipe input
Delete value,CLEAR_FIELD,delete value
Clear input box,CLEAR_FIELD,clear input box
Remove input,CLEAR_FIELD,remove input
Empty the text,CLEAR_FIELD,empty text
Clear current field,CLEAR_FIELD,clear current field
Erase the field,CLEAR_FIELD,erase field
Blank out field,CLEAR_FIELD,blank field
Clear previous input,CLEAR_FIELD,clear previous input
Reset form field,CLEAR_FIELD,reset form field
Wipe out input,CLEAR_FIELD,wipe input
Delete this input,CLEAR_FIELD,delete input
Clear this field,CLEAR_FIELD,clear field
Remove text from field,CLEAR_FIELD,remove text field
Empty selected field,CLEAR_FIELD,empty selected field
Clear the value,CLEAR_FIELD,clear value
Erase the input,CLEAR_FIELD,erase input
Blank the field,CLEAR_FIELD,blank field
Clear form data,CLEAR_FIELD,clear form data
Reset form input,CLEAR_FIELD,reset form input
Wipe the text,CLEAR_FIELD,wipe text
Delete text from field,CLEAR_FIELD,delete text field
Clear entered text,CLEAR_FIELD,clear entered text
Remove all content,CLEAR_FIELD,remove content
Empty the box,CLEAR_FIELD,empty box
Clear everything in input,CLEAR_FIELD,clear everything input
Erase form field,CLEAR_FIELD,erase form field
Blank the input,CLEAR_FIELD,blank input
Clear the current input,CLEAR_FIELD,clear current input
Reset field content,CLEAR_FIELD,reset field content
Wipe out field,CLEAR_FIELD,wipe field
Delete all input,CLEAR_FIELD,delete input
Clear the input,CLEAR_FIELD,clear input
Remove text input,CLEAR_FIELD,remove text input
Empty the text box,CLEAR_FIELD,empty text box
Clear entire field,CLEAR_FIELD,clear entire field
Erase text input,CLEAR_FIELD,erase text input
Blank the text,CLEAR_FIELD,blank text
Clear the data,CLEAR_FIELD,clear data
Reset the form,CLEAR_FIELD,reset form
Wipe out text,CLEAR_FIELD,wipe text
Delete all text,CLEAR_FIELD,delete text
Clear entry in field,CLEAR_FIELD,clear entry field
Clear input,CLEAR_FIELD,clear input
Clear field,CLEAR_FIELD,clear field
Reset input,CLEAR_FIELD,reset input
Erase input,CLEAR_FIELD,erase input
Input text,FILL_FIELD,input text
Put text in,FILL_FIELD,put text
Enter data,FILL_FIELD,enter data
Type in,FILL_FIELD,type
Fill out,FILL_FIELD,fill
Set input,FILL_FIELD,set input
Write text,FILL_FIELD,write text
Populate field,FILL_FIELD,populate field
Add text,FILL_FIELD,add text
Insert text,FILL_FIELD,insert text
Enter value,FILL_FIELD,enter value
Type data,FILL_FIELD,type data
Complete field,FILL_FIELD,complete field
Place text,FILL_FIELD,place text
Set value,FILL_FIELD,set value
Write in,FILL_FIELD,write
Provide input,FILL_FIELD,provide input
Add data,FILL_FIELD,add data
Input data,FILL_FIELD,input data
Type in field,FILL_FIELD,type field
Fill the field,FILL_FIELD,fill field
Enter information,FILL_FIELD,enter information
Put in text,FILL_FIELD,put text
Set the text,FILL_FIELD,set text
Write out,FILL_FIELD,write
Populate the field,FILL_FIELD,populate field
Enter new text,FILL_FIELD,enter new text
Insert data,FILL_FIELD,insert data
Type a value,FILL_FIELD,type value
Complete the input,FILL_FIELD,complete input
Place data,FILL_FIELD,place data
Set the input,FILL_FIELD,set input
Write something,FILL_FIELD,write something
Provide data,FILL_FIELD,provide data
Add content,FILL_FIELD,add content
Input content,FILL_FIELD,input content
Type something in,FILL_FIELD,type something
Fill this field,FILL_FIELD,fill field
Enter the text,FILL_FIELD,enter text
Put data in,FILL_FIELD,put data
Set text value,FILL_FIELD,set text value
Write new text,FILL_FIELD,write new text
Populate with text,FILL_FIELD,populate text
Add new text,FILL_FIELD,add new text
Insert new text,FILL_FIELD,insert new text
Type a string,FILL_FIELD,type string
Complete this field,FILL_FIELD,complete field
Place content,FILL_FIELD,place content
Set data,FILL_FIELD,set data
Write current text,FILL_FIELD,write current text
Provide the input,FILL_FIELD,provide input
Add the text,FILL_FIELD,add text
Input the text,FILL_FIELD,input text
Type text here,FILL_FIELD,type text
Fill in the form,FILL_FIELD,fill form
Enter a string,FILL_FIELD,enter string
Put the text,FILL_FIELD,put text
Set the value,FILL_FIELD,set value
Write an entry,FILL_FIELD,write entry
Populate with data,FILL_FIELD,populate data
Add a value,FILL_FIELD,add value
Insert some text,FILL_FIELD,insert text
Type a phrase,FILL_FIELD,type phrase
Complete the text field,FILL_FIELD,complete text field
Place your text,FILL_FIELD,place text
Set input value,FILL_FIELD,set input value
Write a message,FILL_FIELD,write message
Provide content,FILL_FIELD,provide content
Add an entry,FILL_FIELD,add entry
Input a phrase,FILL_FIELD,input phrase
Type characters,FILL_FIELD,type character
Fill this out,FILL_FIELD,fill
Enter these words,FILL_FIELD,enter word
Put value,FILL_FIELD,put value
Set the specific text,FILL_FIELD,set specific text
Write the text,FILL_FIELD,write text
Populate with content,FILL_FIELD,populate content
Add a description,FILL_FIELD,add description
Insert text here,FILL_FIELD,insert text
Type some words,FILL_FIELD,type word
Complete the entry,FILL_FIELD,complete entry
Place some data,FILL_FIELD,place data
Set the field,FILL_FIELD,set field
Write a comment,FILL_FIELD,write comment
Provide the value,FILL_FIELD,provide value
Add a string,FILL_FIELD,add string
Input words,FILL_FIELD,input word
Type your entry,FILL_FIELD,type entry
Fill in the blanks,FILL_FIELD,fill blank
Enter these details,FILL_FIELD,enter detail
Put this text in,FILL_FIELD,put text
Set this text,FILL_FIELD,set text
Write in the field,FILL_FIELD,write field
Populate the input,FILL_FIELD,populate input
Add relevant text,FILL_FIELD,add relevant text
Enter text,FILL_FIELD,enter text
Set text input,FILL_FIELD,set text input
Type text,FILL_FIELD,type text
Fill in,FILL_FIELD,fill
Fill in this field,FILL_FIELD,fill field
Show next,NEXT_ITEM,show next
Go forward one item,NEXT_ITEM,go forward one item
Move down,NEXT_ITEM,move
Display next item,NEXT_ITEM,display next item
Navigate to next,NEXT_ITEM,navigate next
Forward,NEXT_ITEM,forward
Return to next item,NEXT_ITEM,return next item
Scroll down,NEXT_ITEM,scroll
Go to the one after,NEXT_ITEM,go one
Next one,NEXT_ITEM,next one
Show me the next item,NEXT_ITEM,show next item
Move to next,NEXT_ITEM,move next
Subsequent,NEXT_ITEM,subsequent
Ahead,NEXT_ITEM,ahead
Next entry,NEXT_ITEM,next entry
Go forward a step,NEXT_ITEM,go forward step
Down one,NEXT_ITEM,one
Go to the next item in the list,NEXT_ITEM,go next item list
Following item,NEXT_ITEM,following item
Forward one,NEXT_ITEM,forward one
Show the item after,NEXT_ITEM,show item
Move to the item below,NEXT_ITEM,move item
Next in line,NEXT_ITEM,next line
Go to the subsequent item,NEXT_ITEM,go subsequent item
Succeeding item,NEXT_ITEM,succeeding item
Display the next,NEXT_ITEM,display next
Take me to the next,NEXT_ITEM,take next
Move down one,NEXT_ITEM,move one
After,NEXT_ITEM,
One forward,NEXT_ITEM,one forward
Next record,NEXT_ITEM,next record
Go to next one,NEXT_ITEM,go next one
Show the item following this,NEXT_ITEM,show item following
Move to the item that comes after,NEXT_ITEM,move item come
Get next,NEXT_ITEM,get next
Show me the one after,NEXT_ITEM,show one
Later item,NEXT_ITEM,later item
Forwards,NEXT_ITEM,forward
Go to the item just after,NEXT_ITEM,go item
Next selection,NEXT_ITEM,next selection
Show the next in order,NEXT_ITEM,show next order
Move down a notch,NEXT_ITEM,move notch
The one after,NEXT_ITEM,one
Go ahead an item,NEXT_ITEM,go ahead item
Next page,NEXT_ITEM,next page
Display the succeeding,NEXT_ITEM,display succeeding
Navigate forward,NEXT_ITEM,navigate forward
Down a level,NEXT_ITEM,level
Following record,NEXT_ITEM,following record
Step forward,NEXT_ITEM,step forward
Show following item,NEXT_ITEM,show following item
Move to the later item,NEXT_ITEM,move later item
Go to the next one,NEXT_ITEM,go next one
Next choice,NEXT_ITEM,next choice
Display the next entry,NEXT_ITEM,display next entry
Take me to the next available,NEXT_ITEM,take next available
Scroll forward,NEXT_ITEM,scroll forward
Go down,NEXT_ITEM,go
Show me the next selection,NEXT_ITEM,show next selection
The item after this one,NEXT_ITEM,item one
Go to the next displayed item,NEXT_ITEM,go next displayed item
Move ahead,NEXT_ITEM,move ahead
Next element,NEXT_ITEM,next element
Forward to the next,NEXT_ITEM,forward next
Show the item that is next,NEXT_ITEM,show item next
Move to the succeeding item,NEXT_ITEM,move succeeding item
Go to next item,NEXT_ITEM,go next item
Down arrow,NEXT_ITEM,arrow
Next context,NEXT_ITEM,next context
Display the next instance,NEXT_ITEM,display next instance
Go to the later one,NEXT_ITEM,go later one
Show next record,NEXT_ITEM,show next record
Move to the item immediately after,NEXT_ITEM,move item immediately
Succeeding element,NEXT_ITEM,succeeding element
Go to a subsequent item,NEXT_ITEM,go subsequent item
One item down,NEXT_ITEM,one item
Next instance,NEXT_ITEM,next instance
Show the item after this,NEXT_ITEM,show item
Move to the newer item,NEXT_ITEM,move newer item
Jump to next,NEXT_ITEM,jump next
Go to the next entry,NEXT_ITEM,go next entry
Forward a slide,NEXT_ITEM,forward slide
Show the element after,NEXT_ITEM,show element
Move to the newer item in the list,NEXT_ITEM,move newer item list
Go to next,NEXT_ITEM,go next
Next arrow,NEXT_ITEM,next arrow
Next entry in the list,NEXT_ITEM,next entry list
Display the next instance,NEXT_ITEM,display next instance
Go to the item after this one,NEXT_ITEM,go item one
Show next view,NEXT_ITEM,show next view
Move down in the list,NEXT_ITEM,move list
Next one please,NEXT_ITEM,next one please
Next object,NEXT_ITEM,next object
Go to the following,NEXT_ITEM,go following
Show the object after,NEXT_ITEM,show object
Next,NEXT_ITEM,next
Next item,NEXT_ITEM,next item
Down,NEXT_ITEM,
Go next,NEXT_ITEM,go next
Proced to the next,NEXT_ITEM,proced next
Show previous,PREVIOUS_ITEM,show previous
Go back one item,PREVIOUS_ITEM,go back one item
Move up,PREVIOUS_ITEM,move
Display previous item,PREVIOUS_ITEM,display previous item
Navigate to previous,PREVIOUS_ITEM,navigate previous
Last one,PREVIOUS_ITEM,last one
Return to previous item,PREVIOUS_ITEM,return previous item
Scroll up,PREVIOUS_ITEM,scroll
Go to the one before,PREVIOUS_ITEM,go one
Backward,PREVIOUS_ITEM,backward
Show me the previous item,PREVIOUS_ITEM,show previous item
Move to previous,PREVIOUS_ITEM,move previous
Prior,PREVIOUS_ITEM,prior
Back,PREVIOUS_ITEM,back
Previous entry,PREVIOUS_ITEM,previous entry
Go back a step,PREVIOUS_ITEM,go back step
Up one,PREVIOUS_ITEM,one
Go to the last item,PREVIOUS_ITEM,go last item
Former item,PREVIOUS_ITEM,former item
Back one,PREVIOUS_ITEM,back one
Show the item before,PREVIOUS_ITEM,show item
Move to the item above,PREVIOUS_ITEM,move item
Prev,PREVIOUS_ITEM,prev
Go to the prior item,PREVIOUS_ITEM,go prior item
Preceding item,PREVIOUS_ITEM,preceding item
Display the last item,PREVIOUS_ITEM,display last item
Take me to the previous,PREVIOUS_ITEM,take previous
Move up one,PREVIOUS_ITEM,move one
Before,PREVIOUS_ITEM,
One back,PREVIOUS_ITEM,one back
Previous record,PREVIOUS_ITEM,previous record
Go to prior,PREVIOUS_ITEM,go prior
Show the item preceding this,PREVIOUS_ITEM,show item preceding
Move to the item that came before,PREVIOUS_ITEM,move item came
Get previous,PREVIOUS_ITEM,get previous
Show me the one before,PREVIOUS_ITEM,show one
Earlier item,PREVIOUS_ITEM,earlier item
Backwards,PREVIOUS_ITEM,backwards
Go to the item just before,PREVIOUS_ITEM,go item
Previous selection,PREVIOUS_ITEM,previous selection
Show the last,PREVIOUS_ITEM,show last
Move up a notch,PREVIOUS_ITEM,move notch
The one before,PREVIOUS_ITEM,one
Go back an item,PREVIOUS_ITEM,go back item
Previous page,PREVIOUS_ITEM,previous page
Display the preceding,PREVIOUS_ITEM,display preceding
Navigate backward,PREVIOUS_ITEM,navigate backward
Up a level,PREVIOUS_ITEM,level
Prior record,PREVIOUS_ITEM,prior record
Step back,PREVIOUS_ITEM,step back
Show prior item,PREVIOUS_ITEM,show prior item
Move to the earlier item,PREVIOUS_ITEM,move earlier item
Go back to the last one,PREVIOUS_ITEM,go back last one
Previous choice,PREVIOUS_ITEM,previous choice
Display the previous entry,PREVIOUS_ITEM,display previous entry
Take me back to the previous,PREVIOUS_ITEM,take back previous
Scroll back,PREVIOUS_ITEM,scroll back
Go up,PREVIOUS_ITEM,go
Show me the previous selection,PREVIOUS_ITEM,show previous selection
The item before this one,PREVIOUS_ITEM,item one
Go to the last displayed item,PREVIOUS_ITEM,go last displayed item
Move backward,PREVIOUS_ITEM,move backward
Previous element,PREVIOUS_ITEM,previous element
Back to the previous,PREVIOUS_ITEM,back previous
Show the item that was before,PREVIOUS_ITEM,show item
Move to the former item,PREVIOUS_ITEM,move former item
Go back to previous item,PREVIOUS_ITEM,go back previous item
Up arrow,PREVIOUS_ITEM,arrow
Previous context,PREVIOUS_ITEM,previous context
Display the last viewed item,PREVIOUS_ITEM,display last viewed item
Go to the earlier one,PREVIOUS_ITEM,go earlier one
Show previous record,PREVIOUS_ITEM,show previous record
Move to the item immediately before,PREVIOUS_ITEM,move item immediately
Preceding element,PREVIOUS_ITEM,preceding element
Go back to a prior item,PREVIOUS_ITEM,go back prior item
One item up,PREVIOUS_ITEM,one item
Previous instance,PREVIOUS_ITEM,previous instance
Show the item prior,PREVIOUS_ITEM,show item prior
Move to the preceding item,PREVIOUS_ITEM,move preceding item
Jump to previous,PREVIOUS_ITEM,jump previous
Go to the previous entry,PREVIOUS_ITEM,go previous entry
Back a slide,PREVIOUS_ITEM,back slide
Show the element before,PREVIOUS_ITEM,show element
Move to the older item,PREVIOUS_ITEM,move older item
Go to last,PREVIOUS_ITEM,go last
Back arrow,PREVIOUS_ITEM,back arrow
Previous entry in the list,PREVIOUS_ITEM,previous entry list
Display the previous instance,PREVIOUS_ITEM,display previous instance
Go to the item before this,PREVIOUS_ITEM,go item
Show previous view,PREVIOUS_ITEM,show previous view
Move up in the list,PREVIOUS_ITEM,move list
Prior one,PREVIOUS_ITEM,prior one
Previous object,PREVIOUS_ITEM,previous object
Go to the preceding,PREVIOUS_ITEM,go preceding
Show the object before,PREVIOUS_ITEM,show object
Previous,PREVIOUS_ITEM,previous
Previous item,PREVIOUS_ITEM,previous item
Previous record,PREVIOUS_ITEM,previous record
Up,PREVIOUS_ITEM,
Go to previous item,PREVIOUS_ITEM,go previous item
Display details,VIEW_ITEM,display detail
Show me item information,VIEW_ITEM,show item information
Look at item,VIEW_ITEM,look item
See task details,VIEW_ITEM,see task detail
View more about this,VIEW_ITEM,view
Give me the item's specifics,VIEW_ITEM,give item specific
Check out item,VIEW_ITEM,check item
Present task view,VIEW_ITEM,present task view
Show full details,VIEW_ITEM,show full detail
What are the item details?,VIEW_ITEM,item detail
Examine item,VIEW_ITEM,examine item
Display the task,VIEW_ITEM,display task
Access details,VIEW_ITEM,access detail
Show me more about this item,VIEW_ITEM,show item
Inspect item,VIEW_ITEM,inspect item
Open task details,VIEW_ITEM,open task detail
Get item details,VIEW_ITEM,get item detail
Can I see item information?,VIEW_ITEM,see item information
Review item,VIEW_ITEM,review item
Provide task details,VIEW_ITEM,provide task detail
Details of item,VIEW_ITEM,detail item
View specific item,VIEW_ITEM,view specific item
Look up item,VIEW_ITEM,look item
Display details of this task,VIEW_ITEM,display detail task
Show item info,VIEW_ITEM,show item info
What details does this item have?,VIEW_ITEM,detail item
Check details of item,VIEW_ITEM,check detail item
View the task,VIEW_ITEM,view task
Retrieve item details,VIEW_ITEM,retrieve item detail
Present item details,VIEW_ITEM,present item detail
Find item info,VIEW_ITEM,find item info
Show task overview,VIEW_ITEM,show task overview
Access item details please,VIEW_ITEM,access item detail please
Can you show me item details?,VIEW_ITEM,show item detail
Delve into item,VIEW_ITEM,delve item
View the specifics of this task,VIEW_ITEM,view specific task
Show me the item's full details,VIEW_ITEM,show item full detail
Information about item,VIEW_ITEM,information item
See item,VIEW_ITEM,see item
Details for this task,VIEW_ITEM,detail task
Display all item details,VIEW_ITEM,display item detail
Tell me about the item,VIEW_ITEM,tell item
Investigate item,VIEW_ITEM,investigate item
Show the current task,VIEW_ITEM,show current task
Open item details,VIEW_ITEM,open item detail
What are the full details of this item?,VIEW_ITEM,full detail item
Explore item,VIEW_ITEM,explore item
Get task view,VIEW_ITEM,get task view
Give me item data,VIEW_ITEM,give item data
Show item properties,VIEW_ITEM,show item property
Examine the item,VIEW_ITEM,examine item
Display information on this task,VIEW_ITEM,display information task
Item details please,VIEW_ITEM,item detail please
View this particular item,VIEW_ITEM,view particular item
Lookup item details,VIEW_ITEM,lookup item detail
Present the task,VIEW_ITEM,present task
See full item information,VIEW_ITEM,see full item information
Query item details,VIEW_ITEM,query item detail
Get details on item,VIEW_ITEM,get detail item
Show me this task's details,VIEW_ITEM,show task detail
View the full item,VIEW_ITEM,view full item
Reveal item details,VIEW_ITEM,reveal item detail
Look at the item's info,VIEW_ITEM,look item info
Display the specifics of this task,VIEW_ITEM,display specific task
Read item details,VIEW_ITEM,read item detail
What's the info for this item?,VIEW_ITEM,whats info item
Scrutinize item,VIEW_ITEM,scrutinize item
View specific task,VIEW_ITEM,view specific task
Show specific item details,VIEW_ITEM,show specific item detail
Display the item's data,VIEW_ITEM,display item data
See the item's full info,VIEW_ITEM,see item full info
Present task info,VIEW_ITEM,present task info
Show the data for this item,VIEW_ITEM,show data item
Can you show me the task details?,VIEW_ITEM,show task detail
View item's attributes,VIEW_ITEM,view item attribute
Show item's characteristics,VIEW_ITEM,show item characteristic
Inspect the item's details,VIEW_ITEM,inspect item detail
Display details for task,VIEW_ITEM,display detail task
Get item info,VIEW_ITEM,get item info
Show more info on item,VIEW_ITEM,show info item
Review item details,VIEW_ITEM,review item detail
Access the task's details,VIEW_ITEM,access task detail
Give item specifics,VIEW_ITEM,give item specific
Show the item's overview,VIEW_ITEM,show item overview
Look at the item's full details,VIEW_ITEM,look item full detail
View details of task,VIEW_ITEM,view detail task
Show item description,VIEW_ITEM,show item description
What about the item?,VIEW_ITEM,item
Examine task details,VIEW_ITEM,examine task detail
Display full item data,VIEW_ITEM,display full item data
Show me the details of this item,VIEW_ITEM,show detail item
Open the item view,VIEW_ITEM,open item view
Give details about this task,VIEW_ITEM,give detail task
Show properties of item,VIEW_ITEM,show property item
View details,VIEW_ITEM,view detail
Show item details,VIEW_ITEM,show item detail
View item,VIEW_ITEM,view item
Display item,VIEW_ITEM,display item
View this task,VIEW_ITEM,view task
View more details,VIEW_ITEM,view detail
Access,GO_TO,access
Change page,GO_TO,change page
Open new tab,GO_TO,open new tab
Proceed to page,GO_TO,proceed page
Display page,GO_TO,display page
View tab,GO_TO,view tab
Switch to page,GO_TO,switch page
Bring up page,GO_TO,bring page
Go to another page,GO_TO,go another page
Navigate,GO_TO,navigate
Show me the page,GO_TO,show page
Open a different tab,GO_TO,open different tab
Go to specified page,GO_TO,go specified page
Display the page,GO_TO,display page
View a specific tab,GO_TO,view specific tab
Move to page,GO_TO,move page
Change to tab,GO_TO,change tab
Open a page,GO_TO,open page
Take me to page,GO_TO,take page
Present page,GO_TO,present page
Go to this page,GO_TO,go page
Switch to another page,GO_TO,switch another page
Open tab now,GO_TO,open tab
Show designated page,GO_TO,show designated page
View desired page,GO_TO,view desired page
Proceed to new page,GO_TO,proceed new page
Open new window,GO_TO,open new window
Go to the page,GO_TO,go page
Display selected page,GO_TO,display selected page
Move to another tab,GO_TO,move another tab
Go to section,GO_TO,go section
Switch to tab,GO_TO,switch tab
Open the tab,GO_TO,open tab
Take me to the page,GO_TO,take page
Present the page,GO_TO,present page
Go to specific page,GO_TO,go specific page
Change current page,GO_TO,change current page
Open new view,GO_TO,open new view
Show the relevant page,GO_TO,show relevant page
View chosen page,GO_TO,view chosen page
Jump to page,GO_TO,jump page
Navigate to tab,GO_TO,navigate tab
Open a specific tab,GO_TO,open specific tab
Go to that page,GO_TO,go page
Display the specified page,GO_TO,display specified page
Move to another section,GO_TO,move another section
Switch interface,GO_TO,switch interface
Open a view,GO_TO,open view
Take me there,GO_TO,take
Present the current page,GO_TO,present current page
Go to certain page,GO_TO,go certain page
Change active page,GO_TO,change active page
Open the requested tab,GO_TO,open requested tab
Show me a page,GO_TO,show page
View the section,GO_TO,view section
Proceed to tab,GO_TO,proceed tab
Open new panel,GO_TO,open new panel
Go to given page,GO_TO,go given page
Display the page you mentioned,GO_TO,display page mentioned
Switch to the page,GO_TO,switch page
Open a panel,GO_TO,open panel
Take me to a page,GO_TO,take page
Present the requested page,GO_TO,present requested page
Go to indicated page,GO_TO,go indicated page
Change view,GO_TO,change view
Open the target tab,GO_TO,open target tab
Show me any page,GO_TO,show page
View a particular page,GO_TO,view particular page
Jump to new page,GO_TO,jump new page
Navigate to particular page,GO_TO,navigate particular page
Open a window,GO_TO,open window
Go to the specified destination,GO_TO,go specified destination
Display the new page,GO_TO,display new page
Move to another location,GO_TO,move another location
Switch active tab,GO_TO,switch active tab
Open specified window,GO_TO,open specified window
Take me to a different page,GO_TO,take different page
Present the next page,GO_TO,present next page
Go to the destination page,GO_TO,go destination page
Change current view,GO_TO,change current view
Open this tab,GO_TO,open tab
Show the next page,GO_TO,show next page
View the upcoming page,GO_TO,view upcoming page
Proceed to new tab,GO_TO,proceed new tab
Open a browser tab,GO_TO,open browser tab
Go to a URL,GO_TO,go url
Display a different page,GO_TO,display different page
Move to a new page,GO_TO,move new page
Switch context,GO_TO,switch context
Open specific window,GO_TO,open specific window
Take me to the main page,GO_TO,take main page
Present the chosen page,GO_TO,present chosen page
Go to the start page,GO_TO,go start page
Change page,GO_TO,change page
Open an additional tab,GO_TO,open additional tab
Show me a different page,GO_TO,show different page
View the main page,GO_TO,view main page
Go to,GO_TO,go
Open,GO_TO,open
Navigate to,GO_TO,navigate
Pick this,SELECT_ITEM,pick
Choose task,SELECT_ITEM,choose task
Select the item,SELECT_ITEM,select item
Mark this item,SELECT_ITEM,mark item
Activate item,SELECT_ITEM,activate item
Click task,SELECT_ITEM,click task
Make this active,SELECT_ITEM,make active
Toggle this,SELECT_ITEM,toggle
Select the task,SELECT_ITEM,select task
Select this entry,SELECT_ITEM,select entry
Choose item,SELECT_ITEM,choose item
Engage this item,SELECT_ITEM,engage item
Hit this item,SELECT_ITEM,hit item
Opt for this task,SELECT_ITEM,opt task
Select current item,SELECT_ITEM,select current item
Switch this on,SELECT_ITEM,switch
Choose this record,SELECT_ITEM,choose record
Pick the item,SELECT_ITEM,pick item
Select it,SELECT_ITEM,select
Highlight this task,SELECT_ITEM,highlight task
Toggle the item,SELECT_ITEM,toggle item
Select that task,SELECT_ITEM,select task
Choose this element,SELECT_ITEM,choose element
Activate the item,SELECT_ITEM,activate item
Click on this,SELECT_ITEM,click
Select the current task,SELECT_ITEM,select current task
Mark this as selected,SELECT_ITEM,mark selected
Choose this item,SELECT_ITEM,choose item
Engage the task,SELECT_ITEM,engage task
Toggle current item,SELECT_ITEM,toggle current item
Select this particular item,SELECT_ITEM,select particular item
Pick a task,SELECT_ITEM,pick task
Choose that item,SELECT_ITEM,choose item
Highlight the item,SELECT_ITEM,highlight item
Click to select,SELECT_ITEM,click select
Select this field,SELECT_ITEM,select field
Switch item,SELECT_ITEM,switch item
Choose this option,SELECT_ITEM,choose option
Select the entry,SELECT_ITEM,select entry
Activate this task,SELECT_ITEM,activate task
Toggle the task,SELECT_ITEM,toggle task
Select specific item,SELECT_ITEM,select specific item
Choose the task,SELECT_ITEM,choose task
Mark the item,SELECT_ITEM,mark item
Click to activate,SELECT_ITEM,click activate
Select the displayed item,SELECT_ITEM,select displayed item
Toggle selection,SELECT_ITEM,toggle selection
Choose the item,SELECT_ITEM,choose item
Pick that item,SELECT_ITEM,pick item
Select this instance,SELECT_ITEM,select instance
Activate the task,SELECT_ITEM,activate task
Click here to select,SELECT_ITEM,click select
Select the current entry,SELECT_ITEM,select current entry
Mark as chosen,SELECT_ITEM,mark chosen
Choose the current item,SELECT_ITEM,choose current item
Engage the current item,SELECT_ITEM,engage current item
Toggle the current task,SELECT_ITEM,toggle current task
Select the highlighted item,SELECT_ITEM,select highlighted item
Pick the task,SELECT_ITEM,pick task
Choose this option here,SELECT_ITEM,choose option
Select this component,SELECT_ITEM,select component
Activate selected item,SELECT_ITEM,activate selected item
Click on the task,SELECT_ITEM,click task
Select this row,SELECT_ITEM,select row
Toggle item selection,SELECT_ITEM,toggle item selection
Choose this value,SELECT_ITEM,choose value
Select the indicated item,SELECT_ITEM,select indicated item
Mark the task,SELECT_ITEM,mark task
Click to choose,SELECT_ITEM,click choose
Select this element now,SELECT_ITEM,select element
Toggle this entry,SELECT_ITEM,toggle entry
Choose this specific task,SELECT_ITEM,choose specific task
Select the item presented,SELECT_ITEM,select item presented
Activate this component,SELECT_ITEM,activate component
Click on the currently viewed item,SELECT_ITEM,click currently viewed item
Select this choice,SELECT_ITEM,select choice
Toggle current selection,SELECT_ITEM,toggle current selection
Choose this selection,SELECT_ITEM,choose selection
Select the item on screen,SELECT_ITEM,select item screen
Mark this entry,SELECT_ITEM,mark entry
Click to toggle,SELECT_ITEM,click toggle
Select the highlighted task,SELECT_ITEM,select highlighted task
Toggle the chosen item,SELECT_ITEM,toggle chosen item
Choose the specific item,SELECT_ITEM,choose specific item
Select this data point,SELECT_ITEM,select data point
Activate the current task,SELECT_ITEM,activate current task
Click on item,SELECT_ITEM,click item
Select this particular task,SELECT_ITEM,select particular task
Toggle this option,SELECT_ITEM,toggle option
Choose the displayed item,SELECT_ITEM,choose displayed item
Select the entry shown,SELECT_ITEM,select entry shown
Mark the current item,SELECT_ITEM,mark current item
Click on the highlighted item,SELECT_ITEM,click highlighted item
Select this option to activate,SELECT_ITEM,select option activate
Toggle the data,SELECT_ITEM,toggle data
Choose this one,SELECT_ITEM,choose one
Click this item,SELECT_ITEM,click item
Select item,SELECT_ITEM,select item
Toggle,SELECT_ITEM,toggle
Select,SELECT_ITEM,select
Return,GO_BACK,return
Navigate back,GO_BACK,navigate back
Go to previous screen,GO_BACK,go previous screen
Take me back,GO_BACK,take back
Back up,GO_BACK,back
Reverse direction,GO_BACK,reverse direction
Go to the last page,GO_BACK,go last page
Step back,GO_BACK,step back
Return to previous,GO_BACK,return previous
Previous screen,GO_BACK,previous screen
Go to prior,GO_BACK,go prior
Undo last navigation,GO_BACK,undo last navigation
Back out,GO_BACK,back
Move back,GO_BACK,move back
Go to the previous view,GO_BACK,go previous view
One step back,GO_BACK,one step back
Go backwards,GO_BACK,go backwards
Backward,GO_BACK,backward
Return to the last screen,GO_BACK,return last screen
Go to the previous,GO_BACK,go previous
Return previous,GO_BACK,return previous
Previous view,GO_BACK,previous view
Go to the prior screen,GO_BACK,go prior screen
Take me to the previous page,GO_BACK,take previous page
Go back one,GO_BACK,go back one
Back a page,GO_BACK,back page
Return to the previous view,GO_BACK,return previous view
Go back to where I was,GO_BACK,go back
Revert,GO_BACK,revert
Previous section,GO_BACK,previous section
Go to the last view,GO_BACK,go last view
Backtrack,GO_BACK,backtrack
Navigate to the previous page,GO_BACK,navigate previous page
Go back one step,GO_BACK,go back one step
Return to the prior screen,GO_BACK,return prior screen
Back to the previous,GO_BACK,back previous
Previous state,GO_BACK,previous state
Go to the former page,GO_BACK,go former page
Move to previous,GO_BACK,move previous
Go to the page before,GO_BACK,go page
Go back to the last screen,GO_BACK,go back last screen
Return to the earlier page,GO_BACK,return earlier page
Previous location,GO_BACK,previous location
Go to the preceding page,GO_BACK,go preceding page
Back up a page,GO_BACK,back page
Return to the previous location,GO_BACK,return previous location
Go back one screen,GO_BACK,go back one screen
Back to last,GO_BACK,back last
Return to previous section,GO_BACK,return previous section
Go back to the prior view,GO_BACK,go back prior view
Backward one step,GO_BACK,backward one step
Navigate to the last page,GO_BACK,navigate last page
Go back a screen,GO_BACK,go back screen
Return to previous state,GO_BACK,return previous state
Back to the last screen,GO_BACK,back last screen
Previous context,GO_BACK,previous context
Go back to the last visited page,GO_BACK,go back last visited page
Return to the original screen,GO_BACK,return original screen
Previous entry,GO_BACK,previous entry
Go to the former view,GO_BACK,go former view
Move back a step,GO_BACK,move back step
Go to the page just before,GO_BACK,go page
Return to previous context,GO_BACK,return previous context
Back one screen,GO_BACK,back one screen
Previous position,GO_BACK,previous position
Go to the screen before,GO_BACK,go screen
Navigate to the prior view,GO_BACK,navigate prior view
Go back to the last context,GO_BACK,go back last context
Return to the earlier view,GO_BACK,return earlier view
Previous point,GO_BACK,previous point
Go to the page I was just on,GO_BACK,go page
Move back one page,GO_BACK,move back one page
Go to the previous tab,GO_BACK,go previous tab
Return to prior location,GO_BACK,return prior location
Back out of this,GO_BACK,back
Previous window,GO_BACK,previous window
Go to the screen I just left,GO_BACK,go screen left
Navigate to previous state,GO_BACK,navigate previous state
Go back to the last page I saw,GO_BACK,go back last page saw
Return to previous tab,GO_BACK,return previous tab
Back to previous window,GO_BACK,back previous window
Go to the earlier screen,GO_BACK,go earlier screen
Move to the previous view,GO_BACK,move previous view
Go to the last active page,GO_BACK,go last active page
Return to prior window,GO_BACK,return prior window
Previous panel,GO_BACK,previous panel
Go back a panel,GO_BACK,go back panel
Navigate to the previous panel,GO_BACK,navigate previous panel
Go back one tab,GO_BACK,go back one tab
Return to the prior tab,GO_BACK,return prior tab
Back to the previous panel,GO_BACK,back previous panel
Previous form,GO_BACK,previous form
Go back from here,GO_BACK,go back
Return to the previous form,GO_BACK,return previous form
Go back,GO_BACK,go back
Back,GO_BACK,back
Previous page,GO_BACK,previous page
Previous view,GO_BACK,previous view
Previous screen,GO_BACK,previous screen
Move back,GO_BACK,move back
Alter item,EDIT_ITEM,alter item
Edit the item,EDIT_ITEM,edit item
Update item,EDIT_ITEM,update item
Modify this item,EDIT_ITEM,modify item
Adjust item,EDIT_ITEM,adjust item
Revise item,EDIT_ITEM,revise item
Change item,EDIT_ITEM,change item
Edit current item,EDIT_ITEM,edit current item
Amend item,EDIT_ITEM,amend item
Correct item,EDIT_ITEM,correct item
Update this item,EDIT_ITEM,update item
Modify the item,EDIT_ITEM,modify item
Edit selected item,EDIT_ITEM,edit selected item
Change current item,EDIT_ITEM,change current item
Alter the item,EDIT_ITEM,alter item
Revise the item,EDIT_ITEM,revise item
Update current item,EDIT_ITEM,update current item
Modify this item,EDIT_ITEM,modify item
Adjust the item,EDIT_ITEM,adjust item
Correct the item,EDIT_ITEM,correct item
Edit this item,EDIT_ITEM,edit item
Change the item,EDIT_ITEM,change item
Amend the item,EDIT_ITEM,amend item
Update selected item,EDIT_ITEM,update selected item
Modify the item,EDIT_ITEM,modify item
Edit the item,EDIT_ITEM,edit item
Change specific item,EDIT_ITEM,change specific item
Alter selected item,EDIT_ITEM,alter selected item
Revise selected item,EDIT_ITEM,revise selected item
Update specific item,EDIT_ITEM,update specific item
Modify the current item,EDIT_ITEM,modify current item
Adjust this item,EDIT_ITEM,adjust item
Correct this item,EDIT_ITEM,correct item
Edit a item,EDIT_ITEM,edit item
Change this item,EDIT_ITEM,change item
Amend the item,EDIT_ITEM,amend item
Update the item,EDIT_ITEM,update item
Modify selected item,EDIT_ITEM,modify selected item
Adjust selected item,EDIT_ITEM,adjust selected item
Correct selected item,EDIT_ITEM,correct selected item
Edit current item,EDIT_ITEM,edit current item
Change the item,EDIT_ITEM,change item
Alter specific item,EDIT_ITEM,alter specific item
Revise the current item,EDIT_ITEM,revise current item
Update specific item,EDIT_ITEM,update specific item
Modify the displayed item,EDIT_ITEM,modify displayed item
Adjust the current item,EDIT_ITEM,adjust current item
Correct the current item,EDIT_ITEM,correct current item
Edit selected item,EDIT_ITEM,edit selected item
Change the current item,EDIT_ITEM,change current item
Amend selected item,EDIT_ITEM,amend selected item
Update the item,EDIT_ITEM,update item
Modify a item,EDIT_ITEM,modify item
Adjust current item,EDIT_ITEM,adjust current item
Correct current item,EDIT_ITEM,correct current item
Edit the active item,EDIT_ITEM,edit active item
Change the selected item,EDIT_ITEM,change selected item
Alter the current item,EDIT_ITEM,alter current item
Revise current item,EDIT_ITEM,revise current item
Update the current item,EDIT_ITEM,update current item
Modify the active item,EDIT_ITEM,modify active item
Adjust selected item,EDIT_ITEM,adjust selected item
Correct the selected item,EDIT_ITEM,correct selected item
Edit the current item,EDIT_ITEM,edit current item
Change the active item,EDIT_ITEM,change active item
Amend current item,EDIT_ITEM,amend current item
Update the selected item,EDIT_ITEM,update selected item
Modify the current item,EDIT_ITEM,modify current item
Adjust the active item,EDIT_ITEM,adjust active item
Correct the active item,EDIT_ITEM,correct active item
Edit active item,EDIT_ITEM,edit active item
Change the displayed item,EDIT_ITEM,change displayed item
Alter the selected item,EDIT_ITEM,alter selected item
Revise specific item,EDIT_ITEM,revise specific item
Update active item,EDIT_ITEM,update active item
Modify specific item,EDIT_ITEM,modify specific item
Adjust the displayed item,EDIT_ITEM,adjust displayed item
Correct specific item,EDIT_ITEM,correct specific item
Edit the highlighted item,EDIT_ITEM,edit highlighted item
Change the active item,EDIT_ITEM,change active item
Amend the selected item,EDIT_ITEM,amend selected item
Update the active item,EDIT_ITEM,update active item
Modify the highlighted item,EDIT_ITEM,modify highlighted item
Adjust specific item,EDIT_ITEM,adjust specific item
Correct the displayed item,EDIT_ITEM,correct displayed item
Edit the displayed item,EDIT_ITEM,edit displayed item
Change the specific item,EDIT_ITEM,change specific item
Alter the active item,EDIT_ITEM,alter active item
Revise the displayed item,EDIT_ITEM,revise displayed item
Update highlighted item,EDIT_ITEM,update highlighted item
Modify the current entry,EDIT_ITEM,modify current entry
Adjust the highlighted item,EDIT_ITEM,adjust highlighted item
Correct active item,EDIT_ITEM,correct active item
Edit the currently open item,EDIT_ITEM,edit currently open item
Change this entry,EDIT_ITEM,change entry
Change item,EDIT_ITEM,change item
Edit this item,EDIT_ITEM,edit item
Update item,EDIT_ITEM,update item
Modify item,EDIT_ITEM,modify item
Modify that item,EDIT_ITEM,modify item
Make item,CREATE_ITEM,make item
Generate item,CREATE_ITEM,generate item
Form new item,CREATE_ITEM,form new item
Add a new item,CREATE_ITEM,add new item
Produce item,CREATE_ITEM,produce item
Build item,CREATE_ITEM,build item
Start new item,CREATE_ITEM,start new item
Insert item,CREATE_ITEM,insert item
Compose item,CREATE_ITEM,compose item
Design item,CREATE_ITEM,design item
Create a new item,CREATE_ITEM,create new item
Put in item,CREATE_ITEM,put item
Develop item,CREATE_ITEM,develop item
Forge item,CREATE_ITEM,forge item
Begin new item,CREATE_ITEM,begin new item
New entry,CREATE_ITEM,new entry
Construct item,CREATE_ITEM,construct item
Fashion item,CREATE_ITEM,fashion item
Initiate new item,CREATE_ITEM,initiate new item
Add an entry,CREATE_ITEM,add entry
Establish item,CREATE_ITEM,establish item
Conceive item,CREATE_ITEM,conceive item
Start an item,CREATE_ITEM,start item
Create entry,CREATE_ITEM,create entry
Draft item,CREATE_ITEM,draft item
Invent item,CREATE_ITEM,invent item
Implement new item,CREATE_ITEM,implement new item
Add a record,CREATE_ITEM,add record
Set up item,CREATE_ITEM,set item
Engineer item,CREATE_ITEM,engineer item
Open new item,CREATE_ITEM,open new item
Create record,CREATE_ITEM,create record
Add another item,CREATE_ITEM,add another item
Add an item entry,CREATE_ITEM,add item entry
Form an item,CREATE_ITEM,form item
New item creation,CREATE_ITEM,new item creation
Insert new item,CREATE_ITEM,insert new item
Add an item item,CREATE_ITEM,add item item
Make a new item,CREATE_ITEM,make new item
Generate an item,CREATE_ITEM,generate item
Start a new item,CREATE_ITEM,start new item
Create an item entry,CREATE_ITEM,create item entry
Put a new item,CREATE_ITEM,put new item
Add new content,CREATE_ITEM,add new content
Form an item,CREATE_ITEM,form item
Build an item,CREATE_ITEM,build item
New item creation,CREATE_ITEM,new item creation
Insert an item,CREATE_ITEM,insert item
Add an item to the list,CREATE_ITEM,add item list
Make an item,CREATE_ITEM,make item
Produce an item,CREATE_ITEM,produce item
Begin an item,CREATE_ITEM,begin item
Create a new record,CREATE_ITEM,create new record
Add another item,CREATE_ITEM,add another item
Add item please,CREATE_ITEM,add item please
Form a new item,CREATE_ITEM,form new item
Create an item,CREATE_ITEM,create item
Start new record,CREATE_ITEM,start new record
Insert the item,CREATE_ITEM,insert item
Add a piece of content,CREATE_ITEM,add piece content
Make an item,CREATE_ITEM,make item
Generate an item,CREATE_ITEM,generate item
Begin a new item,CREATE_ITEM,begin new item
Create a record for,CREATE_ITEM,create record
Add a fresh item,CREATE_ITEM,add fresh item
Add item entry,CREATE_ITEM,add item entry
Form a new item,CREATE_ITEM,form new item
Build an item,CREATE_ITEM,build item
New entry creation,CREATE_ITEM,new entry creation
Insert new record,CREATE_ITEM,insert new record
Add an item entry,CREATE_ITEM,add item entry
Make a new item,CREATE_ITEM,make new item
Produce an item,CREATE_ITEM,produce item
Start a new entry,CREATE_ITEM,start new entry
Create a data item,CREATE_ITEM,create data item
Put an item,CREATE_ITEM,put item
Add an instance,CREATE_ITEM,add instance
Form an entry,CREATE_ITEM,form entry
Build an entry,CREATE_ITEM,build entry
New record,CREATE_ITEM,new record
Insert an item,CREATE_ITEM,insert item
Add a new item instance,CREATE_ITEM,add new item instance
Make an entry,CREATE_ITEM,make entry
Generate an entry,CREATE_ITEM,generate entry
Begin an item,CREATE_ITEM,begin item
Create a specific item,CREATE_ITEM,create specific item
Put in an item,CREATE_ITEM,put item
Add new data,CREATE_ITEM,add new data
Form a record,CREATE_ITEM,form record
Build a record,CREATE_ITEM,build record
New item here,CREATE_ITEM,new item
Insert the item,CREATE_ITEM,insert item
Add a new data item,CREATE_ITEM,add new data item
Make a record,CREATE_ITEM,make record
Produce a record,CREATE_ITEM,produce record
Start item creation,CREATE_ITEM,start item creation
Create an object,CREATE_ITEM,create object
Add item,CREATE_ITEM,add item
Create item,CREATE_ITEM,create item
Add item,CREATE_ITEM,add item
Erase item,DELETE_ITEM,erase item
Remove item,DELETE_ITEM,remove item
Delete the item,DELETE_ITEM,delete item
Clear item,DELETE_ITEM,clear item
Discard item,DELETE_ITEM,discard item
Take out item,DELETE_ITEM,take item
Delete current item,DELETE_ITEM,delete current item
Remove this item,DELETE_ITEM,remove item
Eliminate item,DELETE_ITEM,eliminate item
Wipe item,DELETE_ITEM,wipe item
Delete selected item,DELETE_ITEM,delete selected item
Remove current item,DELETE_ITEM,remove current item
Get rid of item,DELETE_ITEM,get rid item
Delete this entry,DELETE_ITEM,delete entry
Erase item,DELETE_ITEM,erase item
Remove the item,DELETE_ITEM,remove item
Delete the item,DELETE_ITEM,delete item
Clear item,DELETE_ITEM,clear item
Discard item,DELETE_ITEM,discard item
Take out item,DELETE_ITEM,take item
Delete specified item,DELETE_ITEM,delete specified item
Remove specified item,DELETE_ITEM,remove specified item
Eliminate item,DELETE_ITEM,eliminate item
Wipe item,DELETE_ITEM,wipe item
Delete selected item,DELETE_ITEM,delete selected item
Remove the item,DELETE_ITEM,remove item
Get rid of item,DELETE_ITEM,get rid item
Delete entry,DELETE_ITEM,delete entry
Erase current item,DELETE_ITEM,erase current item
Remove current item,DELETE_ITEM,remove current item
Delete the current item,DELETE_ITEM,delete current item
Clear current item,DELETE_ITEM,clear current item
Discard current item,DELETE_ITEM,discard current item
Take out current item,DELETE_ITEM,take current item
Delete specific item,DELETE_ITEM,delete specific item
Remove selected item,DELETE_ITEM,remove selected item
Eliminate current item,DELETE_ITEM,eliminate current item
Wipe current item,DELETE_ITEM,wipe current item
Delete active item,DELETE_ITEM,delete active item
Remove selected item,DELETE_ITEM,remove selected item
Get rid of current item,DELETE_ITEM,get rid current item
Delete the entry,DELETE_ITEM,delete entry
Erase selected item,DELETE_ITEM,erase selected item
Remove this entry,DELETE_ITEM,remove entry
Delete current entry,DELETE_ITEM,delete current entry
Clear selected item,DELETE_ITEM,clear selected item
Discard selected item,DELETE_ITEM,discard selected item
Take out this item,DELETE_ITEM,take item
Delete this specific item,DELETE_ITEM,delete specific item
Remove the specific item,DELETE_ITEM,remove specific item
Eliminate selected item,DELETE_ITEM,eliminate selected item
Wipe selected item,DELETE_ITEM,wipe selected item
Delete active item,DELETE_ITEM,delete active item
Remove the active item,DELETE_ITEM,remove active item
Get rid of selected item,DELETE_ITEM,get rid selected item
Delete the current record,DELETE_ITEM,delete current record
Erase current entry,DELETE_ITEM,erase current entry
Remove this record,DELETE_ITEM,remove record
Delete this record,DELETE_ITEM,delete record
Clear selected item,DELETE_ITEM,clear selected item
Discard the specific item,DELETE_ITEM,discard specific item
Take out selected item,DELETE_ITEM,take selected item
Delete specific item,DELETE_ITEM,delete specific item
Remove the chosen item,DELETE_ITEM,remove chosen item
Eliminate current item,DELETE_ITEM,eliminate current item
Wipe this item,DELETE_ITEM,wipe item
Delete the displayed item,DELETE_ITEM,delete displayed item
Remove the highlighted item,DELETE_ITEM,remove highlighted item
Get rid of this item,DELETE_ITEM,get rid item
Delete this item now,DELETE_ITEM,delete item
Erase the item,DELETE_ITEM,erase item
Remove that item,DELETE_ITEM,remove item
Delete the highlighted item,DELETE_ITEM,delete highlighted item
Clear the item,DELETE_ITEM,clear item
Discard the current item,DELETE_ITEM,discard current item
Take out this item,DELETE_ITEM,take item
Delete current entry please,DELETE_ITEM,delete current entry please
Remove the displayed item,DELETE_ITEM,remove displayed item
Eliminate this item,DELETE_ITEM,eliminate item
Wipe the item,DELETE_ITEM,wipe item
Delete this selected item,DELETE_ITEM,delete selected item
Remove this specific item,DELETE_ITEM,remove specific item
Get rid of the item,DELETE_ITEM,get rid item
Delete entry now,DELETE_ITEM,delete entry
Erase the item,DELETE_ITEM,erase item
Remove the active item,DELETE_ITEM,remove active item
Delete the currently displayed item,DELETE_ITEM,delete currently displayed item
Clear the item,DELETE_ITEM,clear item
Discard the highlighted item,DELETE_ITEM,discard highlighted item
Take out the specific item,DELETE_ITEM,take specific item
Delete this item forever,DELETE_ITEM,delete item forever
Remove the entry,DELETE_ITEM,remove entry
Eliminate the item,DELETE_ITEM,eliminate item
Wipe out this item,DELETE_ITEM,wipe item
Delete the highlighted item,DELETE_ITEM,delete highlighted item
Remove the particular item,DELETE_ITEM,remove particular item
Get rid of this entry,DELETE_ITEM,get rid entry
Delete the instance,DELETE_ITEM,delete instance
Remove this item,DELETE_ITEM,remove item
Delete,DELETE_ITEM,delete
Go back,UNDO,go back
Reverse,UNDO,reverse
Un-do that,UNDO,undo
Cancel last action,UNDO,cancel last action
Roll back,UNDO,roll back
Take it back,UNDO,take back
I want to undo,UNDO,want undo
Revert last change,UNDO,revert last change
Unmake that,UNDO,unmake
Previous state,UNDO,previous state
Restore,UNDO,restore
Undo the last thing,UNDO,undo last thing
Go to previous,UNDO,go previous
Undo my last command,UNDO,undo last command
Bring it back,UNDO,bring back
Remove last action,UNDO,remove last action
Un-do the last operation,UNDO,undo last operation
Retract last,UNDO,retract last
Set back,UNDO,set back
Undo that last step,UNDO,undo last step
Cancel previous,UNDO,cancel previous
Undo everything,UNDO,undo everything
Rewind,UNDO,rewind
Backtrack,UNDO,backtrack
Take back the last,UNDO,take back last
Undo the recent action,UNDO,undo recent action
Reverse last command,UNDO,reverse last command
Restore previous state,UNDO,restore previous state
Undo last operation,UNDO,undo last operation
Go back a step,UNDO,go back step
Uncommit,UNDO,uncommit
Cancel previous action,UNDO,cancel previous action
Undo the action,UNDO,undo action
Roll back the last change,UNDO,roll back last change
Revert to prior,UNDO,revert prior
Undo previous command,UNDO,undo previous command
Take that back,UNDO,take back
Make it as it was,UNDO,make
Undo the very last thing,UNDO,undo last thing
Restore to before,UNDO,restore
Undo last entry,UNDO,undo last entry
Go to the earlier version,UNDO,go earlier version
Cancel my last input,UNDO,cancel last input
Undo the change,UNDO,undo change
Revert the last action,UNDO,revert last action
Un-do the prior command,UNDO,undo prior command
Bring it to a previous form,UNDO,bring previous form
Undo current action,UNDO,undo current action
Back up,UNDO,back
Return to previous,UNDO,return previous
Undo recent,UNDO,undo recent
Restore the last state,UNDO,restore last state
Revert the current,UNDO,revert current
Take back the previous,UNDO,take back previous
Undo last edit,UNDO,undo last edit
Go back one step,UNDO,go back one step
Unperform,UNDO,unperform
Undo my last request,UNDO,undo last request
Bring to prior,UNDO,bring prior
Reverse the last action,UNDO,reverse last action
Undo the last modification,UNDO,undo last modification
Cancel the most recent action,UNDO,cancel recent action
Undo that step,UNDO,undo step
Reset,UNDO,reset
Undo current command,UNDO,undo current command
Go back to what it was,UNDO,go back
Undo the last process,UNDO,undo last process
Reverse the current,UNDO,reverse current
Undo the last entry,UNDO,undo last entry
Take back the most recent,UNDO,take back recent
Unsubmit,UNDO,unsubmit
Undo the previous action,UNDO,undo previous action
Go to the last stable state,UNDO,go last stable state
Undo last entry please,UNDO,undo last entry please
Cancel last step,UNDO,cancel last step
Undo the operation just done,UNDO,undo operation done
Revert to previous version,UNDO,revert previous version
Undo this,UNDO,undo
Make it like before,UNDO,make like
Undo the command I just gave,UNDO,undo command gave
Go back in time,UNDO,go back time
Undo last change please,UNDO,undo last change please
Revert to the old state,UNDO,revert old state
Undo the most recent command,UNDO,undo recent command
Cancel the last operation,UNDO,cancel last operation
Undo prior action,UNDO,undo prior action
Back one step,UNDO,back one step
Undo the effect,UNDO,undo effect
Revert previous,UNDO,revert previous
Un-execute,UNDO,unexecute
Undo that last one,UNDO,undo last one
Go to the earlier state,UNDO,go earlier state
Cancel the last change,UNDO,cancel last change
Undo last command please,UNDO,undo last command please
Undo,UNDO,undo
Undo please,UNDO,undo please
Undo last,UNDO,undo last
Undo last change,UNDO,undo last change
Revert,UNDO,revert
Take back,UNDO,take back
Say again,REPEAT,say
Execute again,REPEAT,execute
Run it back,REPEAT,run back
Can you repeat that?,REPEAT,repeat
Repeat the previous action,REPEAT,repeat previous action
Do the last thing again,REPEAT,last thing
Once more,REPEAT,
Reiterate,REPEAT,reiterate
Perform again,REPEAT,perform
Repeat previous command,REPEAT,repeat previous command
Again please,REPEAT,please
Repeat the action,REPEAT,repeat action
Carry out again,REPEAT,carry
Can you say that again?,REPEAT,say
Repeat what you just did,REPEAT,repeat
Run again,REPEAT,run
Echo,REPEAT,echo
Do it one more time,REPEAT,one time
Repeat last,REPEAT,repeat last
Say that once more,REPEAT,say
Re-execute,REPEAT,reexecute
Repeat the command,REPEAT,repeat command
Perform the last action again,REPEAT,perform last action
Repeat last thing,REPEAT,repeat last thing
Tell me again,REPEAT,tell
Do the same thing,REPEAT,thing
Duplicate,REPEAT,duplicate
Repeat the last instruction,REPEAT,repeat last instruction
Do that command again,REPEAT,command
Can you redo that?,REPEAT,redo
Repeat last entry,REPEAT,repeat last entry
Go over that again,REPEAT,go
Try again,REPEAT,try
Copy last,REPEAT,copy last
Repeat the previous instruction,REPEAT,repeat previous instruction
Perform the exact same action,REPEAT,perform exact action
Do it again just like that,REPEAT,like
Repeat last operation,REPEAT,repeat last operation
What did you say?,REPEAT,say
Do the previous action,REPEAT,previous action
Run the command again,REPEAT,run command
Repeat the last thing you did,REPEAT,repeat last thing
Replay,REPEAT,replay
Give me that again,REPEAT,give
Execute previous,REPEAT,execute previous
Repeat current,REPEAT,repeat current
Recap,REPEAT,recap
Do it over,REPEAT,
Repeat what was said,REPEAT,repeat said
Repeat that operation,REPEAT,repeat operation
Once more with feeling,REPEAT,feeling
Run the last command,REPEAT,run last command
Repeat previous step,REPEAT,repeat previous step
Can you go over that?,REPEAT,go
Repeat the last request,REPEAT,repeat last request
Perform the command again,REPEAT,perform command
Do the previous task,REPEAT,previous task
Say it again please,REPEAT,say please
Re-run,REPEAT,rerun
Repeat last entry please,REPEAT,repeat last entry please
Run the last operation,REPEAT,run last operation
Repeat the most recent command,REPEAT,repeat recent command
Perform that again,REPEAT,perform
Can you reiterate?,REPEAT,reiterate
Repeat the exact same action,REPEAT,repeat exact action
Execute the prior command,REPEAT,execute prior command
Do the prior thing,REPEAT,prior thing
What was that?,REPEAT,
Repeat prior,REPEAT,repeat prior
Repeat previous step please,REPEAT,repeat previous step please
Run the previous command,REPEAT,run previous command
Repeat the current command,REPEAT,repeat current command
Tell me that again,REPEAT,tell
Do the last requested action,REPEAT,last requested action
Go again,REPEAT,go
Repeat the last,REPEAT,repeat last
Execute the last command,REPEAT,execute last command
Do that one more time,REPEAT,one time
Repeat last query,REPEAT,repeat last query
Say it once again,REPEAT,say
Run the last task,REPEAT,run last task
Repeat last input,REPEAT,repeat last input
Do that again,REPEAT,
Perform last,REPEAT,perform last
Can you repeat the last part?,REPEAT,repeat last part
Repeat the action you just performed,REPEAT,repeat action performed
Run that command,REPEAT,run command
Repeat it,REPEAT,repeat
Do previous,REPEAT,previous
Repeat the recent action,REPEAT,repeat recent action
Execute the most recent command,REPEAT,execute recent command
Do it repeatedly,REPEAT,repeatedly
Repeat the command you just executed,REPEAT,repeat command executed
What did you just do?,REPEAT,
Repeat,REPEAT,repeat
Repeat please,REPEAT,repeat please
Repeat last command,REPEAT,repeat last command
Do it again,REPEAT,
Again,REPEAT,
One more time,REPEAT,one time
I need assistance,HELP,need assistance
Can you provide some guidance?,HELP,provide guidance
What are your functionalities?,HELP,functionality
List all available commands,HELP,list available command
Guide me,HELP,guide
Tell me what to do,HELP,tell
I'm stuck help!,HELP,im stuck help
How do I use this?,HELP,use
Explain your features,HELP,explain feature
Give me instructions,HELP,give instruction
Provide support,HELP,provide support
Show me the ropes,HELP,show rope
What operations can you perform?,HELP,operation perform
Need some aid,HELP,need aid
I require help,HELP,require help
Assist me please,HELP,assist please
What are my options?,HELP,option
Display command list,HELP,display command list
Walk me through it,HELP,walk
I'm looking for help,HELP,im looking help
Can you assist me?,HELP,assist
What's possible here?,HELP,whats possible
Commands please,HELP,command please
Help me understand,HELP,help understand
I need some help,HELP,need help
Guidance requested,HELP,guidance requested
Show me how this works,HELP,show work
What functions do you have?,HELP,function
Could you help me out?,HELP,could help
What can I ask you?,HELP,ask
List commands,HELP,list command
I'm seeking help,HELP,im seeking help
Support me,HELP,support
How can you aid me?,HELP,aid
Capabilities,HELP,capability
All commands,HELP,command
Help menu,HELP,help menu
I'm confused help,HELP,im confused help
Show options,HELP,show option
What services do you offer?,HELP,service offer
Help me please,HELP,help please
Can you guide me?,HELP,guide
What's your functionality?,HELP,whats functionality
Display all commands,HELP,display command
I need assistance what can you do?,HELP,need assistance
Give me the help list,HELP,give help list
What are the commands?,HELP,command
How to use you?,HELP,use
Tell me about your commands,HELP,tell command
Show available actions,HELP,show available action
I'm lost help me,HELP,im lost help
What is your purpose?,HELP,purpose
Help command,HELP,help command
I need some guidance,HELP,need guidance
Can you give me help?,HELP,give help
What's the help command?,HELP,whats help command
Show commands list,HELP,show command list
Assistance needed,HELP,assistance needed
What are the possible commands?,HELP,possible command
Guide me through this,HELP,guide
Help desk,HELP,help desk
I need help navigating,HELP,need help navigating
How does this work?,HELP,work
What can you accomplish?,HELP,accomplish
List of commands,HELP,list command
I'm searching for help,HELP,im searching help
Help with commands,HELP,help command
How do I operate you?,HELP,operate
What functions are there?,HELP,function
Show me your capabilities,HELP,show capability
Could you offer help?,HELP,could offer help
Commands available,HELP,command available
Help me get started,HELP,help get started
What can this system do?,HELP,system
I require your help,HELP,require help
Can you show your functions?,HELP,show function
Tell me about commands,HELP,tell command
Give me the full command list,HELP,give full command list
I'm requesting help,HELP,im requesting help
Help and commands,HELP,help command
What are the operational commands?,HELP,operational command
Guide on commands,HELP,guide command
I need to know what to do,HELP,need know
Help me out,HELP,help
What is the command to get help?,HELP,command get help
Show me all your features,HELP,show feature
Can I get a list of commands?,HELP,get list command
What are the usage commands?,HELP,usage command
I'm looking for guidance,HELP,im looking guidance
Please help,HELP,please help
How to get assistance?,HELP,get assistance
What can you assist with?,HELP,assist
Show available help,HELP,show available help
I need command information,HELP,need command information
Help with functions,HELP,help function
What commands can I use?,HELP,command use
Please provide commands,HELP,please provide command
I need to learn how to use this,HELP,need learn use
What can you do?,HELP,
Show commands,HELP,show command
Do again,REDO,
Re-execute,REDO,reexecute
Perform again after undo,REDO,perform undo
Revert undo,REDO,revert undo
Bring back,REDO,bring back
Execute the undone action,REDO,execute undone action
Undo the undo,REDO,undo undo
Restore last undone,REDO,restore last undone
Reapply,REDO,reapply
Do the action again,REDO,action
Bring back the last change,REDO,bring back last change
Redo the last operation,REDO,redo last operation
Perform the action that was undone,REDO,perform action undone
Re-do that,REDO,redo
Apply again,REDO,apply
Redo the previous action,REDO,redo previous action
Bring back the change,REDO,bring back change
Execute the command again after undo,REDO,execute command undo
Redo it,REDO,redo
Un-undo,REDO,unundo
Perform the undone command,REDO,perform undone command
Re-execute last,REDO,reexecute last
Bring back the undone item,REDO,bring back undone item
Redo the last command,REDO,redo last command
Put it back,REDO,put back
Redo last operation,REDO,redo last operation
Apply the action again,REDO,apply action
Bring back the action,REDO,bring back action
Redo the action I undid,REDO,redo action undid
Repeat after undo,REDO,repeat undo
Re-apply,REDO,reapply
Redo previous,REDO,redo previous
Bring back the previous state,REDO,bring back previous state
Re-run after undo,REDO,rerun undo
Redo the cancelled action,REDO,redo cancelled action
Execute the reverted action,REDO,execute reverted action
Un-undo the last command,REDO,unundo last command
Restore after undo,REDO,restore undo
Redo the most recent undo,REDO,redo recent undo
Perform the previously undone action,REDO,perform previously undone action
Revert the undo,REDO,revert undo
Bring back the removed item,REDO,bring back removed item
Redo the last step,REDO,redo last step
Apply the undone action,REDO,apply undone action
Redo the command that was un-done,REDO,redo command undone
Execute the action I just undid,REDO,execute action undid
Uncancel,REDO,uncancel
Redo last change,REDO,redo last change
Bring back the deleted item,REDO,bring back deleted item
Redo the operation,REDO,redo operation
Perform the action again after it was taken back,REDO,perform action taken back
Redo that previous step,REDO,redo previous step
Restore the last undo,REDO,restore last undo
Bring back what was undone,REDO,bring back undone
Redo the last thing I undid,REDO,redo last thing undid
Run the command again after undoing,REDO,run command undoing
Redo the action that was reverted,REDO,redo action reverted
Bring back the last action,REDO,bring back last action
Redo the command I just undid,REDO,redo command undid
"Revert the ""undo""",REDO,revert undo
Redo last action,REDO,redo last action
Bring back the last input,REDO,bring back last input
Redo the input,REDO,redo input
Perform the operation that was cancelled,REDO,perform operation cancelled
Redo the one I undid,REDO,redo one undid
Un-do the undo command,REDO,undo undo command
Redo the last change that was undone,REDO,redo last change undone
Bring back the item,REDO,bring back item
Redo the previous undo,REDO,redo previous undo
Execute the action after it was reversed,REDO,execute action reversed
Redo the thing I just took back,REDO,redo thing took back
Restore the action,REDO,restore action
Redo the last cancelled action,REDO,redo last cancelled action
Bring back the state before undo,REDO,bring back state undo
Redo the last effect,REDO,redo last effect
Perform the action that was withdrawn,REDO,perform action withdrawn
Redo the command after a rollback,REDO,redo command rollback
Un-take back,REDO,untake back
Redo my last undo,REDO,redo last undo
Bring back the removed action,REDO,bring back removed action
Redo the last executed command after undo,REDO,redo last executed command undo
Execute the previous action again,REDO,execute previous action
Redo that specific action,REDO,redo specific action
Restore the previous action,REDO,restore previous action
Bring back the last undone,REDO,bring back last undone
Redo the action you just undid,REDO,redo action undid
Revert the rollback,REDO,revert rollback
Redo the last action taken back,REDO,redo last action taken back
Execute the command again after reversing,REDO,execute command reversing
Redo the most recent action I undid,REDO,redo recent action undid
Bring back the content,REDO,bring back content
Redo the function,REDO,redo function
Perform the undone function,REDO,perform undone function
Redo the action after it was undone,REDO,redo action undone
Un-undo the action,REDO,unundo action
Redo the one before,REDO,redo one
Redo,REDO,redo
Redo please,REDO,redo please
Redo last action,REDO,redo last action
Please redo last action,REDO,please redo last action
Negative,CANCEL,negative
Don't do that,CANCEL,dont
Cancel that,CANCEL,cancel
Hold on,CANCEL,hold
Not really,CANCEL,really
Undo,CANCEL,undo
No thank you,CANCEL,thank
Forget it,CANCEL,forget
Cease,CANCEL,cease
Disregard,CANCEL,disregard
I've changed my mind,CANCEL,ive changed mind
Back out,CANCEL,back
No stop,CANCEL,stop
Abort,CANCEL,abort
Withdraw,CANCEL,withdraw
Decline,CANCEL,decline
I don't want that,CANCEL,dont want
Hold off,CANCEL,hold
Don't proceed,CANCEL,dont proceed
Nullify,CANCEL,nullify
Reverse that,CANCEL,reverse
No more,CANCEL,
Cut it out,CANCEL,cut
Retract,CANCEL,retract
Invalidate,CANCEL,invalidate
I'm not interested,CANCEL,im interested
Hold everything,CANCEL,hold everything
Stop that action,CANCEL,stop action
Scrap that,CANCEL,scrap
Countermand,CANCEL,countermand
Take it back,CANCEL,take back
Not doing it,CANCEL,
Halt,CANCEL,halt
Cancel the operation,CANCEL,cancel operation
Forget about it,CANCEL,forget
Recant,CANCEL,recant
I disagree,CANCEL,disagree
Stand by,CANCEL,stand
Terminate,CANCEL,terminate
Call it off,CANCEL,call
Set aside,CANCEL,set aside
Don't bother,CANCEL,dont bother
No wait,CANCEL,wait
Cancel command,CANCEL,cancel command
Give up,CANCEL,give
Reject,CANCEL,reject
I'll pass,CANCEL,ill pas
Wait,CANCEL,wait
End,CANCEL,end
Put a stop to it,CANCEL,put stop
Dismiss,CANCEL,dismiss
I'm not going forward,CANCEL,im going forward
Cancel the request,CANCEL,cancel request
Freeze,CANCEL,freeze
No that's wrong,CANCEL,thats wrong
Quit,CANCEL,quit
Revoke,CANCEL,revoke
Don't continue,CANCEL,dont continue
Pause,CANCEL,pause
Stop everything,CANCEL,stop everything
Overturn,CANCEL,overturn
I'm pulling back,CANCEL,im pulling back
Cancel this,CANCEL,cancel
Deactivate,CANCEL,deactivate
I don't approve,CANCEL,dont approve
Hold it,CANCEL,hold
Discontinue,CANCEL,discontinue
Annul,CANCEL,annul
I changed my mind,CANCEL,changed mind
Cancel the action,CANCEL,cancel action
Don't execute,CANCEL,dont execute
Block,CANCEL,block
Refuse,CANCEL,refuse
Not now,CANCEL,
Put a halt to it,CANCEL,put halt
Veto,CANCEL,veto
I don't want to proceed,CANCEL,dont want proceed
Cancel current action,CANCEL,cancel current action
Cut,CANCEL,cut
Pull the plug,CANCEL,pull plug
I don't think so,CANCEL,dont think
Hold the line,CANCEL,hold line
Desist,CANCEL,desist
Rescind,CANCEL,rescind
No abort,CANCEL,abort
Ignore that,CANCEL,ignore
Do not proceed,CANCEL,proceed
Cancel transaction,CANCEL,cancel transaction
Cease and desist,CANCEL,cease desist
I'm backing out,CANCEL,im backing
Don't run that,CANCEL,dont run
Cancel this operation,CANCEL,cancel operation
I don't want this,CANCEL,dont want
Stop what you're doing,CANCEL,stop youre
Forget the last thing,CANCEL,forget last thing
No,CANCEL,
Nope,CANCEL,nope
Never mind,CANCEL,never mind
Stop,CANCEL,stop
Stop it,CANCEL,stop
Affirmative,CONFIRM,affirmative
That's correct,CONFIRM,thats correct
Indeed,CONFIRM,indeed
I agree,CONFIRM,agree
Okay,CONFIRM,okay
Do it,CONFIRM,
Yes please,CONFIRM,yes please
Correct,CONFIRM,correct
I confirm,CONFIRM,confirm
Proceed with that,CONFIRM,proceed
Alright,CONFIRM,alright
Confirm that,CONFIRM,confirm
Go for it,CONFIRM,go
Aye,CONFIRM,aye
That's right,CONFIRM,thats right
Agreed,CONFIRM,agreed
Yes I confirm,CONFIRM,yes confirm
Move forward,CONFIRM,move forward
Sounds good,CONFIRM,sound good
Confirm this,CONFIRM,confirm
By all means,CONFIRM,mean
Yup,CONFIRM,yup
You got it,CONFIRM,got
Let's do it,CONFIRM,let
Carry on,CONFIRM,carry
Execute,CONFIRM,execute
Affirm,CONFIRM,affirm
That's correct go ahead,CONFIRM,thats correct go ahead
Confirmed,CONFIRM,confirmed
Right,CONFIRM,right
Yes go ahead,CONFIRM,yes go ahead
Proceed now,CONFIRM,proceed
Positive,CONFIRM,positive
Roger that,CONFIRM,roger
Sure,CONFIRM,sure
Definitely,CONFIRM,definitely
I'm good with that,CONFIRM,im good
Make it so,CONFIRM,make
Validate,CONFIRM,validate
True,CONFIRM,true
Yes do it,CONFIRM,yes
Let's proceed,CONFIRM,let proceed
Absolutely,CONFIRM,absolutely
Confirmed thanks,CONFIRM,confirmed thanks
Ok,CONFIRM,ok
Proceed as planned,CONFIRM,proceed planned
Understood proceed,CONFIRM,understood proceed
It is so,CONFIRM,
Yes that's fine,CONFIRM,yes thats fine
Continue,CONFIRM,continue
You may proceed,CONFIRM,may proceed
Yes I'm ready,CONFIRM,yes im ready
Confirm the action,CONFIRM,confirm action
Alright let's proceed,CONFIRM,alright let proceed
This is correct,CONFIRM,correct
Go ahead with it,CONFIRM,go ahead
I approve,CONFIRM,approve
Yes it's a go,CONFIRM,yes go
Proceed with the task,CONFIRM,proceed task
Make it happen,CONFIRM,make happen
Yes proceed,CONFIRM,yes proceed
That sounds right,CONFIRM,sound right
Let's move forward,CONFIRM,let move forward
All good,CONFIRM,good
Go ahead and do it,CONFIRM,go ahead
Yes sure,CONFIRM,yes sure
Confirm the operation,CONFIRM,confirm operation
Ready to proceed,CONFIRM,ready proceed
That's a yes,CONFIRM,thats yes
Move ahead,CONFIRM,move ahead
I assent,CONFIRM,assent
Yes that works,CONFIRM,yes work
Continue on,CONFIRM,continue
Execute the command,CONFIRM,execute command
It's a go,CONFIRM,go
Yes I'm on board,CONFIRM,yes im board
Do as planned,CONFIRM,planned
Affirmative continue,CONFIRM,affirmative continue
Confirmed let's go,CONFIRM,confirmed let go
Yes do that,CONFIRM,yes
Forward,CONFIRM,forward
I concur,CONFIRM,concur
Yes please continue,CONFIRM,yes please continue
Proceed with action,CONFIRM,proceed action
That's fine,CONFIRM,thats fine
Okay let's start,CONFIRM,okay let start
Yes let's begin,CONFIRM,yes let begin
Go,CONFIRM,go
I accept,CONFIRM,accept
Yes carry on,CONFIRM,yes carry
Confirm to proceed,CONFIRM,confirm proceed
Agreed let's go,CONFIRM,agreed let go
Yes I'm ready to proceed,CONFIRM,yes im ready proceed
Commence,CONFIRM,commence
Yes,CONFIRM,yes
Confirm,CONFIRM,confirm
Proceed,CONFIRM,proceed
Go ahead,CONFIRM,go ahead
Yes go ahead,CONFIRM,yes go ahead
Go ahead please,CONFIRM,go ahead please
Elaborate on the item,EXPLAIN,elaborate item
What's the function of this?,EXPLAIN,whats function
Clarify this command,EXPLAIN,clarify command
Describe the item,EXPLAIN,describe item
Tell me about its purpose,EXPLAIN,tell purpose
Can you explain the command?,EXPLAIN,explain command
Give details about this,EXPLAIN,give detail
How does it work?,EXPLAIN,work
What's the meaning of this command?,EXPLAIN,whats meaning command
Provide an explanation,EXPLAIN,provide explanation
What purpose does this serve?,EXPLAIN,purpose serve
Explain the given command,EXPLAIN,explain given command
Go into detail,EXPLAIN,go detail
What does this particular item do?,EXPLAIN,particular item
Tell me more about this command,EXPLAIN,tell command
Unpack the item,EXPLAIN,unpack item
How is this used?,EXPLAIN,used
Can you elaborate on this command?,EXPLAIN,elaborate command
Define the item,EXPLAIN,define item
What's its utility?,EXPLAIN,whats utility
Describe the function of this command,EXPLAIN,describe function command
Give me the breakdown,EXPLAIN,give breakdown
What's the purpose of this thing?,EXPLAIN,whats purpose thing
Provide information on this command,EXPLAIN,provide information command
Clarify the item,EXPLAIN,clarify item
Tell me about its operation,EXPLAIN,tell operation
Explain the specifics of this command,EXPLAIN,explain specific command
Expand on this,EXPLAIN,expand
What is the effect of this?,EXPLAIN,effect
What's the meaning of this operation?,EXPLAIN,whats meaning operation
Break down the item,EXPLAIN,break item
How does this mechanism function?,EXPLAIN,mechanism function
Clarify the usage of this command,EXPLAIN,clarify usage command
Shed light on this,EXPLAIN,shed light
What exactly does this perform?,EXPLAIN,exactly perform
Give an overview of this command,EXPLAIN,give overview command
Explain the concept,EXPLAIN,explain concept
What's the principle behind it?,EXPLAIN,whats principle behind
Detail this specific command,EXPLAIN,detail specific command
Illustrate the item,EXPLAIN,illustrate item
How can this be applied?,EXPLAIN,applied
What does this command imply?,EXPLAIN,command imply
Demystify this,EXPLAIN,demystify
What is the objective of this?,EXPLAIN,objective
Elucidate this command,EXPLAIN,elucidate command
Walk me through the item,EXPLAIN,walk item
What does this accomplish?,EXPLAIN,accomplish
Can you define this command for me?,EXPLAIN,define command
Provide context for this,EXPLAIN,provide context
What's the role of this?,EXPLAIN,whats role
Give me the full explanation of this command,EXPLAIN,give full explanation command
Interpret the item,EXPLAIN,interpret item
How does this feature work?,EXPLAIN,feature work
What is the idea behind this command?,EXPLAIN,idea behind command
Explicate this,EXPLAIN,explicate
What does this contribute?,EXPLAIN,contribute
Explain the mechanics of this command,EXPLAIN,explain mechanic command
Enlighten me about the item,EXPLAIN,enlighten item
What's its significance?,EXPLAIN,whats significance
Tell me the purpose of this command,EXPLAIN,tell purpose command
Dissect this,EXPLAIN,dissect
How does this operate?,EXPLAIN,operate
What is the aim of this command?,EXPLAIN,aim command
Flesh out the item,EXPLAIN,flesh item
What are its capabilities?,EXPLAIN,capability
Explain the implications of this command,EXPLAIN,explain implication command
Render an explanation,EXPLAIN,render explanation
What's its function?,EXPLAIN,whats function
Can you interpret this command?,EXPLAIN,interpret command
Explain the details,EXPLAIN,explain detail
What is its use case?,EXPLAIN,use case
Tell me how this command is executed,EXPLAIN,tell command executed
What does this signify?,EXPLAIN,signify
How is this activated?,EXPLAIN,activated
Describe the action of this command,EXPLAIN,describe action command
Give a comprehensive explanation,EXPLAIN,give comprehensive explanation
What is the intent of this?,EXPLAIN,intent
Explain the command's behavior,EXPLAIN,explain command behavior
Provide insights into the item,EXPLAIN,provide insight item
What does this entity do?,EXPLAIN,entity
Can you provide examples for this command?,EXPLAIN,provide example command
Justify the item,EXPLAIN,justify item
How can this be utilized?,EXPLAIN,utilized
What is the function of the specific command?,EXPLAIN,function specific command
Explain fully,EXPLAIN,explain fully
What effects does this have?,EXPLAIN,effect
Break down this command for me,EXPLAIN,break command
Tell me about the item's purpose,EXPLAIN,tell item purpose
What are the functionalities?,EXPLAIN,functionality
Explain the command thoroughly,EXPLAIN,explain command thoroughly
Give a description of the item,EXPLAIN,give description item
What is the meaning here?,EXPLAIN,meaning
Provide a detailed explanation for this command,EXPLAIN,provide detailed explanation command
Make sense of this,EXPLAIN,make sense
What does it mean to do?,EXPLAIN,mean
Clarify the function of this command,EXPLAIN,clarify function command
Explain item,EXPLAIN,explain item
What does it do,EXPLAIN,
Explain that command,EXPLAIN,explain command
How do i do that?,EXPLAIN,
